Time, Temp (degC),P (bar),Vwind(knots),heading(deg)
00:00,14.5634073066,1.28331520532,17.4029356363,289.0
00:01,15.4483802641,1.01824728673,1.09665962247,336.0
00:02,12.1087024574,0.997522798672,19.2842778627,322.0
00:03,17.1009787867,0.992058149735,17.7239850019,316.0
00:04,19.1303808871,0.863488155871,13.265007638,355.0
00:05,16.9440140651,0.978468091773,18.9813668531,297.0
00:06,12.1829286641,1.09374935531,5.54652376264,290.0
00:07,17.1003814565,1.15511977004,1.41174954851,349.0
00:08,12.0512035381,1.22282585475,0.900741271222,284.0
00:09,13.1459069998,1.29560656191,2.93615106467,331.0
00:10,18.3170840771,1.04118893424,0.222757294462,345.0
00:11,13.9058482276,1.09801598794,5.17703836079,314.0
00:12,20.9745311755,1.05361745202,4.18903939264,352.0
00:13,20.6082933364,1.12877129104,0.517579647322,329.0
00:14,13.2847505724,1.23341707899,12.2226688874,333.0
00:15,15.15049967,0.837478066583,11.8781065954,306.0
00:16,14.2797311638,0.871648117384,10.3265287693,339.0
00:17,21.2492000675,1.28754149696,9.10502956816,357.0
00:18,16.4134432306,1.11298808597,6.37362941519,293.0
00:19,20.8160431405,0.91743538164,1.99278764801,307.0
00:20,21.7660803241,1.24891225202,4.78966230392,333.0
00:21,13.7662556839,1.15717466528,4.68400840208,321.0
00:22,17.869970817,1.27285736499,19.7689998651,294.0
00:23,14.9795098665,1.27841958725,0.342428659596,324.0
00:24,12.3651873679,1.1487388249,9.23277210041,348.0
00:25,12.8519225171,1.05572381905,10.3953314876,326.0
00:26,12.5577877499,0.878955637904,0.314532515197,347.0
00:27,21.2594456728,1.1381248148,17.6318301504,283.0
00:28,20.5789476017,1.14324657132,8.50783641476,291.0
00:29,18.9103881365,1.20136133337,11.2197167418,294.0
00:30,13.9023438106,1.02021247742,0.711562680533,339.0
00:31,21.5155528833,1.08375998943,19.7517077564,285.0
00:32,16.6382971009,0.892641578733,1.52143787515,349.0
00:33,14.4156055327,1.19916923951,14.3482791287,300.0
00:34,17.9520349135,1.14118450173,9.06771754208,290.0
00:35,14.0319620211,1.271823819,3.16658267159,321.0
00:36,14.1712552591,1.26768764447,19.7814071864,342.0
00:37,18.7094429143,1.25435814774,14.8408940968,327.0
00:38,12.3749693308,1.00049531384,15.9897685218,326.0
00:39,13.2187106675,0.805356720084,8.88950287178,319.0
00:40,16.1253710935,1.27953581278,0.780373986127,320.0
00:41,18.3408112412,1.01559028973,9.52972320043,357.0
00:42,12.8371143215,0.977276269877,11.8938977151,299.0
00:43,20.7670278544,1.22195367615,6.99153284393,355.0
00:44,21.1423007154,1.20283229674,18.807562828,323.0
00:45,17.1129066551,0.829879498252,7.63007123655,279.0
00:46,17.6966036671,0.95393573491,6.49038117615,340.0
00:47,12.3541061588,1.23049274395,8.62638491154,312.0
00:48,19.9738438164,0.924950900076,15.0222182172,297.0
00:49,18.0378741854,0.808806025649,2.24778341083,345.0
00:50,19.5684572522,1.2055318796,9.81997373133,291.0
00:51,19.738048512,0.995367451587,0.646495435475,338.0
00:52,21.1109467449,1.04639681065,0.976064524575,298.0
00:53,15.8320612615,1.08551272278,2.91024549782,278.0
00:54,18.8530394296,0.893227107292,17.6086745723,284.0
00:55,16.9603479807,0.809823355393,14.2724244815,288.0
00:56,16.5945908889,1.06203708982,13.5753705593,301.0
00:57,12.5316034849,1.22836312241,17.6557961919,312.0
00:58,13.5659909023,1.2816676938,0.37043509888,286.0
00:59,21.9466992803,0.839394088494,8.2988733772,351.0
01:00,19.9302204066,1.21257334521,4.29372894274,356.0
01:01,20.1607377784,1.07086743286,5.49719588098,304.0
01:02,14.2027892354,0.819656570355,11.3387454563,356.0
01:03,17.1773309185,0.915953320321,16.0208697944,358.0
01:04,17.9898296043,0.853084359264,0.554033249688,280.0
01:05,21.3756232567,1.11503881002,10.5064718331,335.0
01:06,14.2133743832,0.981452581534,6.38490834955,326.0
01:07,20.0192930683,1.06495026323,13.5370792446,345.0
01:08,21.4881947925,0.869841129708,15.8610909388,329.0
01:09,18.1844647497,1.22629042008,6.9476063377,315.0
01:10,16.6693674741,1.15433426832,2.96301998412,301.0
01:11,21.4146463227,1.21689718506,18.4235463203,318.0
01:12,17.5778388877,1.23687315345,13.0296316848,346.0
01:13,12.6690625227,0.888204481504,8.37892694886,355.0
01:14,13.7150632829,1.03444029843,18.2435431105,288.0
01:15,12.7154425118,1.02966531481,9.25461390177,335.0
01:16,16.6649721779,0.927460300853,16.2901991553,346.0
01:17,16.2509813716,0.88449942105,0.655020944251,358.0
01:18,19.5707198416,1.26086189128,10.8409564598,314.0
01:19,18.1330695997,1.18956780756,7.97937610242,307.0
01:20,22.2919718944,0.895551504403,14.8673067842,355.0
01:21,12.6746331726,0.826842369705,5.97392077008,316.0
01:22,20.0122781691,1.03830084093,4.4397418113,325.0
01:23,20.9096436206,0.889760282388,11.0735912895,327.0
01:24,21.0128601528,1.07293462334,13.5319295692,356.0
01:25,18.4730218281,0.912838217827,4.10242913426,287.0
01:26,16.922931507,1.08840700416,18.5927129125,305.0
01:27,21.8674929272,1.19733783044,12.5421334714,345.0
01:28,13.7732592315,1.04169394866,16.9387778563,300.0
01:29,20.4525862383,0.916307900383,7.20759824444,322.0
01:30,13.1194088013,1.28393592773,15.3682425717,327.0
01:31,14.2718194953,0.89712676281,0.690412756287,290.0
01:32,14.0737038155,0.879614837408,14.4588891714,353.0
01:33,17.4072618134,0.988830639684,8.06667698887,287.0
01:34,21.8612027153,1.12331919024,15.8076260173,355.0
01:35,16.8328223408,1.06574230007,12.1239790797,310.0
01:36,14.2923755859,1.24033329261,19.0389027767,348.0
01:37,14.4814225105,1.29912794063,4.19076559386,352.0
01:38,17.2825367871,1.02733668565,8.37641665863,355.0
01:39,16.9389194907,0.831438041102,13.0901351649,312.0
01:40,17.2730247031,1.28149979962,11.7494035993,295.0
01:41,18.5347422812,0.935744167438,12.3017085266,284.0
01:42,14.9480984011,0.970813631637,12.7333751841,299.0
01:43,19.260498405,1.27454765731,15.0834617494,325.0
01:44,18.783125514,0.966556896249,18.7454936781,336.0
01:45,17.0557206487,0.805004654879,0.821295188721,311.0
01:46,13.8112037889,0.910027724611,10.1433232499,328.0
01:47,17.1978490991,1.10376986555,13.102059006,309.0
01:48,16.5811978632,1.0377754813,18.3928345036,344.0
01:49,21.1801231587,1.25704965759,6.92394858102,310.0
01:50,13.4455501174,1.06815839964,6.18421892124,306.0
01:51,19.9593997828,1.10470550039,15.5077912641,355.0
01:52,20.2664349212,0.909449874234,19.8438743551,283.0
01:53,18.1439225726,1.29899819808,1.10638184185,340.0
01:54,19.1786962195,1.26927505453,0.309027502592,308.0
01:55,22.1069602994,0.90618765701,5.94918133235,304.0
01:56,16.5424583637,0.878087070918,16.6140298674,353.0
01:57,21.8695651757,1.19301799889,11.2353975047,319.0
01:58,22.3524127973,1.20224531627,17.6111612222,285.0
01:59,14.0625203912,0.808150308726,12.6744304847,349.0
02:00,21.3101766091,0.868591284053,8.76493179279,356.0
02:01,14.3692705118,1.12551780261,16.881807264,291.0
02:02,19.8084411331,1.21009607316,0.307923570709,291.0
02:03,14.2503358403,0.80975472089,18.955136218,286.0
02:04,12.6490591466,1.27558851726,2.64432251143,342.0
02:05,20.9715220077,0.874127566021,19.0274201549,328.0
02:06,15.108945112,1.06419002868,16.5804928304,357.0
02:07,15.0138815349,1.12245307831,17.4382811626,347.0
02:08,15.6335775555,1.00834234904,3.83806090721,283.0
02:09,13.5723394401,0.838404494917,5.45803799713,284.0
02:10,18.5807266029,0.868384511718,14.7802588063,295.0
02:11,21.3819173594,1.26639086886,19.4064935696,316.0
02:12,16.6460382324,1.11844968313,17.2922505712,301.0
02:13,18.9292854853,1.27506312336,3.39308469824,287.0
02:14,20.8030439604,1.01485660475,6.83318290366,334.0
02:15,20.4528956896,1.26751060596,9.72641389338,345.0
02:16,20.2889411985,0.996629251172,8.21923383978,281.0
02:17,20.4715821553,0.8948486626,17.1409537266,295.0
02:18,20.8637088649,0.839743656434,5.53866198187,299.0
02:19,21.518994344,1.21423265563,6.44163229278,338.0
02:20,22.4728972885,1.1181653367,11.2355010578,315.0
02:21,15.3797006907,0.88393376535,18.6381840626,291.0
02:22,20.1292962346,0.979692317471,3.67923628988,299.0
02:23,20.9810478126,0.850343213466,17.0892975104,299.0
02:24,15.8229289045,1.24784319646,11.1225629092,320.0
02:25,16.1700375033,1.04090845456,4.73368328846,321.0
02:26,13.8599597759,1.27324593879,3.04148319922,328.0
02:27,15.1283668624,0.925677809625,19.5310175642,299.0
02:28,21.5948872923,1.17952622516,19.4562433413,331.0
02:29,19.8964364191,0.977621569142,19.7524893859,298.0
02:30,17.3419506643,0.956353044169,4.98018307754,340.0
02:31,18.4610137075,0.876781418146,10.5622570134,299.0
02:32,19.350988438,0.827444595273,3.85208185106,307.0
02:33,17.114662693,0.816718957161,8.03857143174,297.0
02:34,20.4475557169,1.05068617601,14.7204729718,298.0
02:35,16.1677374755,0.913890668036,8.0526708334,350.0
02:36,19.7192857133,1.21828323939,16.0569232481,319.0
02:37,13.8504509899,0.958799946183,5.78266640366,349.0
02:38,19.2201764773,0.852532121632,4.31326407607,278.0
02:39,16.7786421332,0.994394723014,5.68415297226,308.0
02:40,18.2750917303,0.892216381735,8.69523335854,309.0
02:41,17.134224219,0.880150974574,13.040972585,348.0
02:42,19.9621531377,1.06366037383,2.13717217826,358.0
02:43,16.2424030769,0.934252609578,2.16664652685,327.0
02:44,18.6241647976,1.05046145642,11.2865145537,337.0
02:45,21.3024319693,1.17867148153,8.93625662356,328.0
02:46,18.4832960371,0.978585900235,13.3332772916,320.0
02:47,19.2184985431,1.00568431488,14.3695531552,300.0
02:48,16.2600492083,1.01497445666,3.70951057239,300.0
02:49,17.0321347696,0.848903376759,14.9552018216,338.0
02:50,18.5466424345,0.959152761732,1.60338473012,342.0
02:51,13.0776248082,0.978255307314,5.95627707157,342.0
02:52,14.0312932198,1.22033970039,8.11780027302,322.0
02:53,17.2851472265,1.28238030708,1.52997964601,302.0
02:54,12.8033117282,1.08447064423,9.02277454519,324.0
02:55,15.6222680234,0.818434854281,16.7331689862,355.0
02:56,20.0355202835,1.24419210842,0.287978788336,290.0
02:57,22.3721595867,1.15550453567,11.3651867655,326.0
02:58,18.3978615903,1.1175184169,0.279896359729,323.0
02:59,15.0474890461,1.19028310601,2.34419947533,301.0
03:00,13.2968523336,0.827347079198,11.2355694927,311.0
03:01,15.7372539815,1.20559616841,2.87406092986,338.0
03:02,14.5901071375,0.998271172728,13.2691566007,309.0
03:03,14.8107507647,0.814991754529,19.5203736447,304.0
03:04,19.9201938062,0.881874033994,2.21511491405,356.0
03:05,13.7826016057,1.29851094978,7.43625162656,322.0
03:06,15.4244487431,1.20416704339,6.74735437678,319.0
03:07,15.6724392661,0.849259900988,18.8566147167,303.0
03:08,19.221561656,1.28208560782,1.2062521837,302.0
03:09,20.6437890902,0.840207689054,2.1230781477,325.0
03:10,14.1839882285,1.19867082023,14.4093828306,325.0
03:11,16.9000764627,0.970480703062,15.3106634747,339.0
03:12,16.4058315883,0.957361307985,3.08225166386,282.0
03:13,19.2432888442,1.18109251267,7.4980854534,340.0
03:14,14.1896262451,0.846053024805,4.33284857276,330.0
03:15,15.9684021797,1.21346287965,12.7052355637,350.0
03:16,16.6681073914,1.05945928307,6.98038915709,299.0
03:17,22.5232865386,1.26764772843,18.4078909464,291.0
03:18,13.4598930786,1.14920613565,9.11278929512,298.0
03:19,13.4948803292,1.20927979831,19.3496123208,353.0
03:20,17.0062395679,1.21793527562,9.31717936471,285.0
03:21,22.1288710446,0.862741225415,8.0006073527,310.0
03:22,16.3540687289,1.27544890785,18.0987724551,337.0
03:23,13.3335636315,0.848373319268,3.66092748683,288.0
03:24,19.9889966363,0.836962242947,15.8023536077,357.0
03:25,16.8678959836,0.844919711384,11.2748102127,313.0
03:26,20.7559665415,1.25806304234,2.52644514436,310.0
03:27,20.2759687559,0.951771970958,4.21884732234,296.0
03:28,13.9904120673,0.859900721092,7.43569564941,296.0
03:29,17.5094704228,0.900975259075,2.67633815609,293.0
03:30,15.514251873,0.921099836228,14.8995982997,323.0
03:31,15.7355573316,0.91123739921,1.34922446152,314.0
03:32,14.660858643,0.95970283169,12.4941787862,344.0
03:33,17.431194461,1.07074952234,18.8130943816,338.0
03:34,12.9875960032,0.907661087768,9.04355876701,347.0
03:35,18.3740140572,0.882248716548,8.91680150417,329.0
03:36,19.4394423336,0.935810540689,1.41063611419,279.0
03:37,17.6736604914,0.889628484514,9.58458570865,303.0
03:38,14.7648096499,0.939176657603,2.53282545966,319.0
03:39,19.9471108683,1.12475961225,7.55300574099,280.0
03:40,18.8019070903,0.89875444478,13.827803087,295.0
03:41,15.9764278112,0.813404354803,17.7770089322,342.0
03:42,15.345048092,0.985965037566,6.72345806098,279.0
03:43,14.2909751723,1.03242264962,15.4613227695,350.0
03:44,20.3980941123,1.27342141114,16.3213078459,334.0
03:45,21.5744848105,1.00125924331,17.5989166986,355.0
03:46,20.6369993153,0.902051493215,12.2426825982,357.0
03:47,14.5111725957,1.08031777843,16.681951516,329.0
03:48,21.7083944091,1.21645782266,1.24086322756,353.0
03:49,16.8514929312,1.08632166207,15.0819064719,284.0
03:50,21.94418578,1.06944930135,7.42732046994,330.0
03:51,18.5092968513,0.809797656009,12.9793924526,297.0
03:52,21.9149988017,1.27491688682,8.76920650433,303.0
03:53,15.6426166961,1.16811269724,14.8413210563,355.0
03:54,20.8771147322,1.10056476243,17.9334358078,278.0
03:55,21.9781431492,1.14573849653,5.11441536381,309.0
03:56,15.8781851085,0.942516634252,16.0534985557,337.0
03:57,13.4376373265,1.12301694348,6.3234369356,352.0
03:58,20.4796902269,1.28910739994,18.4596383484,284.0
03:59,21.1830752057,1.05935079405,12.817140438,282.0
04:00,21.8406914207,1.21575525022,1.38846335847,285.0
04:01,18.4327683293,1.13693423134,14.9654070591,338.0
04:02,14.6378946378,1.29755748993,14.1402869527,303.0
04:03,15.1094574009,0.957998137307,18.1944109029,301.0
04:04,13.7480847824,1.11509702447,14.5109204907,351.0
04:05,15.8675529929,1.25617806971,1.53029089908,347.0
04:06,20.6818101267,1.22534765703,0.320809618587,353.0
04:07,14.8364655783,0.801768412305,15.8726498177,285.0
04:08,18.4172354935,0.952554763582,6.32426599251,303.0
04:09,14.7580020972,0.948363463548,1.09419755524,351.0
04:10,14.6336365853,0.95128442666,10.3666026794,309.0
04:11,19.6239273726,0.802809841461,16.8030766964,322.0
04:12,13.1702907015,0.852845050032,2.81680577294,282.0
04:13,13.4777494854,1.10644176082,8.36461740535,314.0
04:14,20.2180194339,1.2619436196,10.5979886501,282.0
04:15,22.5881157431,1.15544976181,15.6527451877,312.0
04:16,20.5589004298,0.993372654939,3.41929857497,324.0
04:17,21.8303880917,1.17318986878,13.1710760485,286.0
04:18,18.4155653798,1.10664740638,4.62428965996,283.0
04:19,20.1429463042,1.10807384246,9.77448921521,309.0
04:20,14.3854639051,1.01733620356,15.9411170046,283.0
04:21,20.6235892061,1.19576834428,12.8908022447,307.0
04:22,21.4491213854,1.17169572508,5.74979807055,343.0
04:23,17.2598995429,1.08278144641,18.7379823612,295.0
04:24,18.940579998,0.935251579176,0.597412387814,286.0
04:25,15.8104539527,1.27448854028,3.83091354193,313.0
04:26,22.107537695,1.24586468243,2.9688888901,337.0
04:27,18.3200451175,1.21120060436,6.45555184329,351.0
04:28,21.5594756937,0.90105696183,2.78786487011,283.0
04:29,19.4637203945,1.23605359415,2.04067343084,298.0
04:30,15.0903947442,0.806379316354,1.92263844866,356.0
04:31,19.3384201033,0.923775469927,4.73353912324,309.0
04:32,22.3252578891,1.14919935879,18.8568206427,279.0
04:33,18.0366077004,1.24808910594,16.5439768008,302.0
04:34,21.6433674753,1.06298630883,14.0997627804,312.0
04:35,17.8727216617,0.915349904467,19.8400564087,340.0
04:36,14.0384749638,1.28114325221,8.97525870858,338.0
04:37,22.930406017,0.997935117899,16.6688812875,283.0
04:38,14.3657655467,0.851222674213,16.4444928337,285.0
04:39,22.7620790164,1.23772743227,1.2269634265,296.0
04:40,18.1251500736,1.28668153928,9.34934137956,297.0
04:41,21.0631729926,0.849425511986,16.6650577597,318.0
04:42,17.8043271304,1.04478626623,12.3799303583,307.0
04:43,13.1970312034,1.18508205603,16.9065029327,329.0
04:44,16.3152355531,1.22945497319,10.7792902063,333.0
04:45,13.8579377777,1.17285835977,18.5507793744,308.0
04:46,13.2224424842,0.942625765936,2.94073198584,348.0
04:47,16.2400075622,1.04048643418,5.58635742969,296.0
04:48,14.8437967479,0.858793591762,0.965949886687,342.0
04:49,17.3507251087,0.875473673293,16.2533807266,346.0
04:50,21.7317083475,0.863988528413,18.7453028461,340.0
04:51,19.9628757146,0.914130435262,14.2466758668,278.0
04:52,21.2407355489,0.874531796698,13.7664196946,294.0
04:53,21.6446377426,1.18432400023,16.5592715082,318.0
04:54,17.8403830752,1.11370823574,10.2562349393,317.0
04:55,22.4697472708,0.91924579807,3.04146882087,342.0
04:56,16.9773959048,0.954472990536,14.1221031949,295.0
04:57,19.7826146242,1.02622919703,9.35318905915,330.0
04:58,16.9797782115,0.808545015595,8.96556995855,306.0
04:59,16.1781892035,1.11607613359,5.94552332039,293.0
05:00,22.7776306733,1.24530242827,12.7827660092,320.0
05:01,22.8681661932,1.04853741408,16.7301105965,282.0
05:02,14.3689519534,1.21441940438,9.22993191428,321.0
05:03,20.018270999,1.08372207189,19.1372503612,330.0
05:04,17.9387592128,0.96849365355,13.8021296315,342.0
05:05,14.1231863425,1.28938812486,11.3887335678,353.0
05:06,18.322678578,0.90191468246,16.1385925251,337.0
05:07,13.4824640899,1.07913166761,3.97448671143,294.0
05:08,14.330813534,1.10001233987,8.33729431434,309.0
05:09,19.1148260689,1.03314233208,8.22898946388,336.0
05:10,19.0859292436,0.858919559931,1.24752346738,357.0
05:11,14.2005303024,0.846023808035,17.2351166481,321.0
05:12,14.8903611087,1.01086318547,12.9812830525,355.0
05:13,22.0087532412,0.872192642463,7.07886479499,334.0
05:14,16.1251813175,0.885569046533,9.63559789623,352.0
05:15,16.5055225743,1.27690220749,15.7418148587,343.0
05:16,14.5082499349,1.0018848652,15.3553163417,310.0
05:17,16.2638173952,0.939755636219,9.21660656173,358.0
05:18,19.7226718905,0.858093300724,5.88986922645,278.0
05:19,19.1074842476,0.906211049398,6.27535144591,349.0
05:20,20.079984408,1.25022355436,10.2588822576,303.0
05:21,22.6671166218,1.01053552971,14.7440583775,286.0
05:22,20.0513501492,0.934200260198,7.49323259247,308.0
05:23,22.2222532407,1.22215750608,7.77300424356,315.0
05:24,20.9325073624,0.936229102855,15.2225887339,358.0
05:25,21.0803455874,1.14520451831,7.34519855452,304.0
05:26,22.2529538625,1.10833396196,19.4659193302,355.0
05:27,13.5199564497,0.98111741664,5.15957768604,313.0
05:28,22.8523155314,1.22774145831,6.25436368322,332.0
05:29,13.713341239,1.19928452008,13.1670315576,325.0
05:30,14.3751994227,0.979277690771,13.2324541699,320.0
05:31,14.0111110473,1.28859423158,18.2857102788,291.0
05:32,20.5386383361,1.02705238047,17.9997757236,287.0
05:33,19.4502587477,0.913494260028,12.0754643323,336.0
05:34,20.6265585158,1.27847635591,15.6467809784,321.0
05:35,18.5887939908,1.04444570533,5.17445036065,288.0
05:36,22.8587216875,1.14993206842,3.05905986261,305.0
05:37,21.039068046,1.28304930998,18.3016734838,325.0
05:38,22.6973683178,0.820495729493,5.49702650329,335.0
05:39,22.0501740134,1.23507408635,7.82124026834,335.0
05:40,20.680399925,1.14489169534,0.643476102116,288.0
05:41,16.0183902504,0.85972826324,11.5687819387,325.0
05:42,19.2496626454,1.20323096953,8.27695618268,328.0
05:43,13.0343360257,1.11011216773,4.12832253585,338.0
05:44,16.4734666815,1.10196379796,15.7516894895,294.0
05:45,18.1203278313,1.18944962256,4.98349248557,344.0
05:46,16.963523024,0.927684253637,16.4437370252,357.0
05:47,16.1578474567,1.21920595329,12.4336696888,313.0
05:48,18.2963444476,1.06250439972,19.3506468918,280.0
05:49,17.7727357197,1.13691771864,17.5420255162,311.0
05:50,20.559283346,1.08907277778,5.9075523638,343.0
05:51,13.6511476989,0.932453075142,2.83282538939,352.0
05:52,15.0446363324,1.22091484506,15.835183201,316.0
05:53,17.5046883512,1.10131891209,15.7060202591,318.0
05:54,16.210044596,1.18212407774,9.08291175447,350.0
05:55,18.6952479022,0.930113941745,11.7236410706,314.0
05:56,21.8813945651,0.807218618803,18.1849626929,333.0
05:57,19.0004456854,1.13097466493,10.5686748793,285.0
05:58,17.8511554575,1.02970060262,13.4046967968,344.0
05:59,20.5508905304,1.27474358584,14.2044538937,286.0
06:00,16.7513109033,1.02753219832,6.42524187266,306.0
06:01,18.6739048234,1.1123863813,9.10058931626,328.0
06:02,16.3774056111,1.24555574807,17.156357426,281.0
06:03,20.3316106756,1.03470514063,4.43688376364,319.0
06:04,14.6307656073,1.05894910068,16.5293845134,314.0
06:05,16.9296658676,1.00208987221,1.26117177852,356.0
06:06,14.9004159139,0.91648969792,12.2743016703,303.0
06:07,13.7084105466,0.998073523034,13.6343467653,279.0
06:08,22.1077035241,1.29455405828,16.6884072478,330.0
06:09,13.2842844551,0.850108228877,5.77898240987,352.0
06:10,22.8167944799,0.883341546903,16.1484389717,315.0
06:11,16.2620986445,1.13574660409,2.00564110512,328.0
06:12,21.3796150181,1.083720213,2.87603594493,307.0
06:13,19.4997272319,1.28571758249,6.36063961618,338.0
06:14,14.2725629869,0.918547686194,5.08768424409,326.0
06:15,16.0994079685,0.835704011666,3.11684685898,299.0
06:16,15.2054177712,0.904753103122,3.00833687598,348.0
06:17,15.1319806567,0.894814766551,2.30611652081,357.0
06:18,15.6332879117,1.05909514661,19.3798998711,317.0
06:19,15.2260857185,0.946067904177,0.156214656826,295.0
06:20,22.473812453,1.07736695465,15.3660476376,321.0
06:21,13.2802754876,1.0576424164,3.4187762513,348.0
06:22,18.9899881892,1.29316780591,8.08938221789,345.0
06:23,13.2024461332,1.1628306974,4.68599738456,297.0
06:24,19.7849811212,0.875692737622,14.3943954473,346.0
06:25,21.5996030678,0.924006684384,11.6527049655,300.0
06:26,19.8302402438,1.07399898687,18.4767270644,335.0
06:27,19.116645555,1.14671579087,5.54979534428,285.0
06:28,13.4063624356,0.849723613947,16.9369561752,279.0
06:29,16.8080294909,0.805253586393,4.71901478584,343.0
06:30,18.890589233,1.06233654533,16.5498097427,332.0
06:31,13.1676939234,0.947998878788,17.0542607391,320.0
06:32,21.3641205749,1.18834035145,17.8786891304,289.0
06:33,21.8209112328,0.962454896338,3.85004070927,288.0
06:34,16.7837037368,0.830484853462,1.36801362267,321.0
06:35,15.4767071675,0.817541476691,18.4983474084,310.0
06:36,20.6806167081,0.937337035762,16.5060201439,350.0
06:37,22.8966797103,0.891389773624,9.83607802173,347.0
06:38,22.4469944082,1.12596926453,13.1135014546,307.0
06:39,18.2010119229,1.01965924412,13.4666187462,299.0
06:40,18.2056133041,1.2138453765,3.85262685791,330.0
06:41,17.2194721681,1.11773372193,19.96498344,288.0
06:42,19.3814152645,0.863214315313,10.0657712771,341.0
06:43,18.3590450435,1.14733027964,17.2254857836,339.0
06:44,15.0331626183,0.806007165423,5.29706883956,291.0
06:45,17.961149763,1.18206256717,10.1934699686,350.0
06:46,20.0536949943,1.01926514083,17.9456738368,286.0
06:47,13.8552736889,1.11576151412,13.9765942272,329.0
06:48,14.2517226639,1.04713609622,6.35969364007,303.0
06:49,14.5024614536,0.974818932652,7.06169076762,325.0
06:50,21.3769119951,0.905415804251,3.21112148718,339.0
06:51,14.1231864099,1.16107369418,5.87651502314,283.0
06:52,18.0057697453,0.883430771249,10.3694307102,323.0
06:53,15.7127540451,1.15505000717,13.6671415089,316.0
06:54,20.0009438442,0.813608730268,11.160361562,302.0
06:55,17.4467654297,0.800142150357,9.78319217174,285.0
06:56,22.9699004821,0.930285080591,11.2714761237,358.0
06:57,17.8298866511,0.950319035207,7.50945478281,292.0
06:58,16.8198115906,0.852289779458,11.3012543105,290.0
06:59,14.4207077714,0.933723755622,19.0634711838,295.0
07:00,19.9576590563,0.929874730039,17.7043305096,343.0
07:01,20.6425866536,0.833304770537,6.02018495886,299.0
07:02,17.659836781,1.148317955,18.1640179559,299.0
07:03,22.2890910806,1.08989248486,15.1475099274,331.0
07:04,20.0655924568,0.886822318743,10.5622312642,339.0
07:05,18.3204936537,0.859370705685,5.07022317073,341.0
07:06,18.2512469073,1.11701264873,10.9968883511,294.0
07:07,22.3963293554,1.06815312367,8.24622088511,286.0
07:08,22.6402468672,0.819201612688,15.8638026796,344.0
07:09,18.7486556118,0.98215686471,8.66761755596,314.0
07:10,18.7781459987,1.16992032416,0.820194639947,331.0
07:11,14.9541360602,0.93850143589,8.05947159421,357.0
07:12,17.293224329,1.16142123607,9.43897719266,306.0
07:13,19.3257189082,1.00602096594,15.9468246575,338.0
07:14,22.0966185734,0.953919026968,13.6829146408,320.0
07:15,19.405730769,0.983012223584,13.8435618723,297.0
07:16,19.4700042644,1.09920756645,16.2199715038,307.0
07:17,16.3214142689,1.15581893267,17.7367555325,278.0
07:18,18.2557593438,0.822314223127,0.173519114984,331.0
07:19,21.866677469,0.953000303403,15.6570006585,337.0
07:20,22.0320282338,0.888124961316,2.58176023093,323.0
07:21,20.8192466378,0.873434200616,13.3572440273,303.0
07:22,22.9017650228,1.01640138134,3.53348287522,335.0
07:23,16.5752953721,1.26783143549,19.021148443,353.0
07:24,18.5838947525,0.834962585605,8.35037556445,352.0
07:25,14.3039272715,1.25853869823,17.1451137334,335.0
07:26,16.6071099713,1.15062870754,8.47346153658,329.0
07:27,17.325374857,1.24119495753,8.6145005036,291.0
07:28,15.1964891019,1.29361848489,19.8639959551,290.0
07:29,13.0263117807,0.866404897949,18.5960798616,348.0
07:30,20.0077275662,0.965364831085,10.0405032026,307.0
07:31,19.6312061626,1.20892861142,12.7967850639,343.0
07:32,17.477269271,1.29778513491,9.52993178314,310.0
07:33,14.6466980598,1.06591957069,10.8086852578,357.0
07:34,14.4390828889,1.23979943481,4.83754012898,287.0
07:35,14.993130915,1.2450020484,9.473074999,293.0
07:36,13.3427084364,0.923830644271,6.93833486166,330.0
07:37,22.8353305682,0.810719434708,13.7206217245,323.0
07:38,13.7209086967,0.954703190017,13.328888876,304.0
07:39,12.9509643989,1.19451175629,10.1699640424,287.0
07:40,13.3902206135,1.2624200836,0.325742304182,357.0
07:41,14.5922342208,0.832769076504,8.21389005696,315.0
07:42,18.7240037573,0.918237695759,6.66364308929,303.0
07:43,20.2178456889,1.17349725847,13.1102518347,290.0
07:44,17.5521162928,1.08530999451,5.84948473091,337.0
07:45,13.176343134,1.25206638819,9.25794871313,357.0
07:46,18.2226651703,1.11777102001,4.32255348016,312.0
07:47,14.8835769852,0.932839127647,14.0419377752,329.0
07:48,18.2886745929,1.26960468324,1.21448466297,310.0
07:49,15.2351222549,1.00370065445,13.1954133443,287.0
07:50,19.4888222931,0.879621691333,14.097246207,329.0
07:51,13.7557786837,0.826245566236,1.08774598149,295.0
07:52,15.7662702693,1.23854477165,16.1411018,312.0
07:53,19.6339839295,1.07979255783,6.1243304431,285.0
07:54,13.67689537,1.11931088575,0.671483245018,328.0
07:55,19.8500080983,0.901868365198,19.0989236636,302.0
07:56,20.6792992408,1.08713750526,0.414966829009,305.0
07:57,21.0756274281,1.28558125601,13.2726150649,320.0
07:58,22.4768839893,1.16645622519,4.00340442569,280.0
07:59,22.0148778102,1.15293182337,11.2565486412,285.0
08:00,16.1099728388,1.15235414916,4.09162075804,345.0
08:01,17.9162107979,1.02404917422,1.74188270221,335.0
08:02,21.05918803,1.10011434105,15.11755828,356.0
08:03,18.6162673695,1.14559373058,15.8395842486,327.0
08:04,12.8765639782,0.819874309025,16.9407920588,338.0
08:05,19.4269841988,1.15582324789,18.9266612727,308.0
08:06,17.2708819592,0.856909763441,3.63050320754,326.0
08:07,19.5814180063,1.08359249208,4.58824331551,289.0
08:08,19.3015327724,1.05307333694,14.0610773265,305.0
08:09,12.9683602527,1.139005602,3.68185898904,313.0
08:10,19.4900230042,1.10516090488,5.15572288928,299.0
08:11,21.7186402892,1.16891575234,17.5169154679,283.0
08:12,17.8563244526,1.17172302302,1.36896055327,314.0
08:13,22.7453370348,1.22634382136,10.3036921677,351.0
08:14,17.655708728,0.839811087235,13.3654944936,285.0
08:15,20.3601764371,1.05367049117,4.43744127762,349.0
08:16,22.0930867938,1.07907737646,19.6902206143,357.0
08:17,19.9565935641,0.852954017049,1.98147380281,293.0
08:18,21.4099831553,1.06121249096,1.55954438475,329.0
08:19,21.9830761086,1.16093536161,19.4914399495,344.0
08:20,18.8845500846,0.92234722599,14.4731950085,287.0
08:21,22.0436042909,0.944747890475,5.8502025351,348.0
08:22,13.5757660642,1.1002468299,15.685345739,342.0
08:23,14.5579701925,0.930240637179,17.5910021908,342.0
08:24,15.289295524,1.02271123318,18.4467288083,301.0
08:25,20.524202062,1.04987863207,1.75922461148,293.0
08:26,22.6582704226,1.03208592743,16.7483422406,307.0
08:27,13.8802451366,0.865801269034,17.9497183077,316.0
08:28,15.2549035786,0.928012402132,6.59577088727,353.0
08:29,14.8421755336,0.814915342414,18.70546314,320.0
08:30,18.6471955631,1.25317502432,14.5186551804,281.0
08:31,19.0090158786,1.27065978728,6.97767062338,318.0
08:32,22.1808266718,0.870820515869,16.1202501702,293.0
08:33,17.5293584407,1.19032512567,8.0932379413,278.0
08:34,14.8497249829,1.12005913149,0.393365270226,307.0
08:35,17.5273510703,1.19608641427,15.9217545138,339.0
08:36,19.5563967901,1.11377156639,7.05860003964,357.0
08:37,21.0837620772,1.26519590289,7.57217441659,315.0
08:38,17.170945076,1.07468554863,2.9533286807,325.0
08:39,17.7385879604,1.01941189955,7.86815347693,285.0
08:40,14.4205641163,0.98695869748,13.9474430195,289.0
08:41,17.0739581711,0.807444175431,1.85744997263,314.0
08:42,13.8819864578,0.828270632475,11.4563994985,281.0
08:43,15.4733106172,1.10996729275,16.2088103835,308.0
08:44,18.8289318834,1.25016642822,17.5262969697,326.0
08:45,14.0824449974,0.822822608684,13.1996748035,295.0
08:46,13.3841156412,1.14309168005,13.1350478892,332.0
08:47,17.0655260066,0.990100825015,7.26794262732,337.0
08:48,20.5476055159,0.9410064873,5.44417665902,296.0
08:49,22.4385207467,1.00673108262,10.337489939,295.0
08:50,14.2853348274,1.13424243149,19.3818316132,345.0
08:51,22.076529653,0.818348720071,0.0776117218685,332.0
08:52,17.1648005727,0.812494028427,14.4000800182,334.0
08:53,21.618835131,1.22887013079,3.3341427802,322.0
08:54,15.4810622103,1.25725172809,13.6712729568,347.0
08:55,14.1312254305,1.04538377295,18.8028838589,287.0
08:56,12.9721195619,0.822732215883,10.2130981255,319.0
08:57,21.1763685992,0.883451091184,9.93287751019,334.0
08:58,18.5435161077,1.18636761114,2.3368725823,318.0
08:59,15.4853481615,0.800613090497,18.9875884607,306.0
09:00,14.5174610083,1.19389422581,12.4612600668,334.0
09:01,18.9741536183,1.07478544336,9.57749934671,313.0
09:02,16.1521376851,1.28545121497,9.77931374142,316.0
09:03,21.468470135,0.885865688964,0.704237672068,322.0
09:04,19.1590942501,0.939017281125,3.33245142376,343.0
09:05,17.4932003516,1.09672131044,10.3947607365,280.0
09:06,20.9328403115,1.03933898188,6.2088720089,337.0
09:07,13.3753404101,1.10449866455,8.6295622222,357.0
09:08,13.8152425235,1.08860303099,11.9675532038,292.0
09:09,22.6091284847,1.17290208946,4.31398945529,332.0
09:10,21.5898226673,0.880298695602,13.133363601,317.0
09:11,17.3521635961,0.957880696889,12.9260650976,320.0
09:12,16.3142498947,0.816162638828,13.1426785368,314.0
09:13,21.7367470267,0.861490887731,7.04394442605,292.0
09:14,22.0516106865,1.28334011871,3.94572176267,324.0
09:15,16.1243555916,1.0903095859,16.3868418241,311.0
09:16,16.4771839434,0.855480342237,17.9663487259,301.0
09:17,15.8612855456,0.948822236669,9.10871894079,300.0
09:18,22.3474351256,0.949183989059,3.17206844443,284.0
09:19,17.0122053997,1.19090100848,9.1053465664,329.0
09:20,12.9080121761,0.892895808615,5.77335742754,280.0
09:21,18.3497555759,1.17670968148,12.5531808859,287.0
09:22,17.2095187063,0.84680239135,3.98247865522,329.0
09:23,19.7374822208,1.26666391774,11.4789172705,335.0
09:24,16.0230378961,0.808401901603,9.70383589597,349.0
09:25,21.8132488182,1.27907665905,6.15351139194,322.0
09:26,19.5167166182,1.05370855704,18.396343717,302.0
09:27,21.5697362078,1.11496771134,10.4059114281,291.0
09:28,15.3062648843,0.919316413028,8.91784233438,324.0
09:29,18.1806309578,0.84634446384,14.2238943249,348.0
09:30,21.5774702318,0.988904798026,4.4038934054,285.0
09:31,15.4332983265,0.972882531879,17.183179725,282.0
09:32,14.7205828021,1.12813403184,1.76511131637,283.0
09:33,13.4147079446,0.928321763115,10.1601917796,303.0
09:34,22.1308030456,1.27104106062,11.1264356778,356.0
09:35,14.2537545304,1.03829799312,1.31319295213,347.0
09:36,18.8564016303,1.24706743246,7.04213407093,341.0
09:37,17.2187306982,1.20975843354,13.3988259749,349.0
09:38,20.7981945102,1.29784462254,2.19038784883,287.0
09:39,12.6222072475,1.05202957083,14.648289612,346.0
09:40,13.717566862,0.844974423551,4.53643700036,337.0
09:41,19.0296589105,1.10839097845,6.16684155709,338.0
09:42,15.9509815355,1.29650601263,3.43949046274,356.0
09:43,14.9070649047,1.20062453415,7.3757708928,293.0
09:44,20.997147817,0.881169047364,7.71575418536,328.0
09:45,17.1864188402,1.20266064271,1.17957864673,338.0
09:46,17.6181619297,0.935224770114,7.04503097622,356.0
09:47,16.3464115789,0.842900785871,9.31632978474,325.0
09:48,13.5144952339,1.06928038645,1.84486766252,290.0
09:49,16.5387996093,1.0122933829,14.9699068074,323.0
09:50,18.1685305672,0.823176592132,1.37761622172,357.0
09:51,16.3037417686,0.984145031864,19.5373540059,291.0
09:52,14.2342638439,1.16000968258,10.6399305939,324.0
09:53,20.8417383417,1.02878291603,12.7665571631,346.0
09:54,20.9552455632,1.16437103148,13.3846960654,316.0
09:55,16.0740465585,1.19168141991,17.7247460617,314.0
09:56,15.2604298175,0.852288251048,17.1426893117,341.0
09:57,18.2062221796,1.16910448415,1.84284204209,302.0
09:58,14.880715481,1.15635087045,11.4388300514,311.0
09:59,21.2142805574,1.23478682434,18.8700365475,320.0
10:00,22.3128920855,1.03922051954,17.3552333335,343.0
10:01,16.4744347025,1.05678747835,6.77297508158,349.0
10:02,17.7551276152,1.24447472505,17.0323416708,290.0
10:03,16.0325073334,1.29517599837,4.88264299231,294.0
10:04,15.8368125524,0.856682810162,11.7044063543,290.0
10:05,13.8751949108,1.09281200084,14.5771801493,293.0
10:06,21.608888562,0.924339356898,9.23265206225,293.0
10:07,17.3697701393,0.905416807286,8.49867512283,354.0
10:08,19.0850155008,1.2790992954,7.43927076661,282.0
10:09,16.438241707,1.05418171211,19.5048812417,307.0
10:10,22.3803577911,0.977682761812,3.37973309186,287.0
10:11,16.6407163128,0.896922098217,11.9005087152,358.0
10:12,15.3363722526,1.04794128916,19.8519840643,354.0
10:13,13.2934736506,0.836245015738,9.07278349571,314.0
10:14,21.0540419305,1.23969989197,10.9771258155,314.0
10:15,16.4734018903,0.952525013602,16.0382377299,289.0
10:16,15.4069396187,1.05151443829,4.51082557506,295.0
10:17,18.2308708336,1.02570212288,10.7016025352,317.0
10:18,21.9549624555,1.17606712797,16.0120081032,345.0
10:19,18.3975410481,0.841618047045,4.35794853584,358.0
10:20,20.2660193492,1.0147869354,2.33900460287,350.0
10:21,17.5353862125,1.03167661852,14.6689442075,358.0
10:22,15.2865267898,1.29455230909,4.41699465421,323.0
10:23,20.7166124782,0.974836939549,3.78347527674,303.0
10:24,19.0230546533,0.866839958822,16.7140822717,293.0
10:25,14.5462738266,0.806735196247,16.6766412642,342.0
10:26,21.6445610887,0.863247721785,16.238385459,322.0
10:27,13.3113265298,0.868632108832,13.9384044522,352.0
10:28,20.8238111916,0.80953256515,9.48564152927,313.0
10:29,16.5718392019,1.24423325313,6.48909215574,319.0
10:30,15.4325756148,1.0402134296,12.2288402714,341.0
10:31,22.2229082393,0.897904028307,17.3786515294,348.0
10:32,18.571803908,0.900623366866,12.1598662422,345.0
10:33,18.4889614246,1.0022212822,7.81369392764,306.0
10:34,18.3092067608,1.0654079937,13.5760464408,300.0
10:35,18.6961241258,1.02993249107,19.8065511946,296.0
10:36,12.9795976429,0.950932247579,12.1123790564,300.0
10:37,19.3106819832,1.07968506304,19.3671479748,289.0
10:38,14.8178875867,0.983658758517,16.0013270412,343.0
10:39,17.0128684534,1.29687935993,11.125349405,331.0
10:40,16.3764676484,1.23020177497,11.2497750049,329.0
10:41,18.124777155,0.946553169378,3.93714773208,313.0
10:42,19.1999648122,1.29814039168,12.2283974572,307.0
10:43,15.4114303661,1.14169693327,19.888621835,319.0
10:44,13.2581340911,0.853371154595,0.710766087773,313.0
10:45,17.1213090469,0.985454930815,17.7214855699,303.0
10:46,17.8970741563,0.908015241874,8.21959898887,300.0
10:47,14.1739550657,1.08829384584,6.26941960499,307.0
10:48,14.2290459273,1.07942431058,0.717099753631,301.0
10:49,15.1882611047,1.03298087158,15.5568508314,332.0
10:50,19.022235961,1.26463309793,11.2267907651,292.0
10:51,15.1394314394,1.07814756061,19.8890148044,355.0
10:52,13.6378210846,0.876608482145,10.7198544223,341.0
10:53,17.3009553943,0.901752488585,11.4734425933,303.0
10:54,19.5035905983,0.968892291952,14.2389170154,319.0
10:55,21.1001309015,0.91450661439,7.42965342983,342.0
10:56,22.0476225186,0.926639029147,10.1190170716,332.0
10:57,13.1910257277,1.19480643274,3.84984006767,344.0
10:58,17.2045940274,1.27792046523,15.0270511973,329.0
10:59,16.7489172986,0.919118818829,12.0434976731,320.0
11:00,19.5664267435,1.27771491071,6.98693706322,297.0
11:01,21.0836366612,1.04841033791,5.97628441702,355.0
11:02,19.1170416826,1.08887472117,14.3640115314,349.0
11:03,15.3494619697,1.23242138298,5.6381883223,321.0
11:04,16.826048476,1.18276525947,5.77698034874,353.0
11:05,17.7922603598,1.07424217208,13.4212897913,319.0
11:06,17.2307558908,0.889995378553,8.8736202114,358.0
11:07,13.6684291414,0.844877951853,4.04823317607,281.0
11:08,17.6769564037,1.02029566368,9.43839204184,310.0
11:09,14.8821905572,1.24304891866,16.9417933109,285.0
11:10,17.0861812765,0.857575673118,12.4394399122,290.0
11:11,12.3992646622,0.897870893943,12.1099051961,352.0
11:12,19.2563710385,0.934908682719,6.3328974536,311.0
11:13,15.7004972819,0.818609785315,11.6425122861,353.0
11:14,20.7091562089,1.14306146974,14.2426023264,327.0
11:15,21.1038080558,1.07962484455,7.5895041683,318.0
11:16,17.2551749555,1.06506522806,3.8095128934,292.0
11:17,13.1429672573,1.04799707584,9.64117720581,306.0
11:18,16.2713800675,1.16749440179,8.49292545103,286.0
11:19,21.39088808,1.10371626573,3.58935166159,282.0
11:20,13.4073515227,1.09506200954,4.44948085689,279.0
11:21,17.0093374979,0.843981014194,13.6674411353,356.0
11:22,13.8136322823,0.856055548359,19.2833641601,289.0
11:23,18.8808333104,1.10485937002,4.1135291029,295.0
11:24,18.4459683826,0.993721130338,6.10980109026,324.0
11:25,14.2026826747,1.00058546539,17.6330786757,309.0
11:26,19.5296256171,1.29344275437,0.121137185456,340.0
11:27,13.2656250591,1.09514417699,14.0297530203,305.0
11:28,14.0936755918,1.09462693224,0.293267472841,292.0
11:29,18.7163030473,0.821910082488,3.15712422024,298.0
11:30,18.4616314966,0.915989491679,17.7901214527,301.0
11:31,14.4720245266,0.998334295599,11.9018234987,347.0
11:32,12.6119469912,1.23532993503,18.6410789107,351.0
11:33,17.3151447267,0.811266434612,11.4950406019,280.0
11:34,15.9512689175,0.904094829596,0.0456975510207,298.0
11:35,18.6916175329,0.829895531372,4.73210963995,325.0
11:36,14.3231928196,1.14924961681,16.6901028523,286.0
11:37,19.4704601571,1.1916280429,8.28191104135,307.0
11:38,14.4814121646,0.925137840439,4.90796921185,318.0
11:39,16.5460949692,0.861634312879,17.6092950784,330.0
11:40,15.8123315696,0.896817337329,1.79127655094,340.0
11:41,19.7802435455,0.93071171205,15.215114332,349.0
11:42,12.7766754558,0.951406730432,18.8041282541,308.0
11:43,14.2887319904,0.827413586396,12.4565402903,334.0
11:44,12.269804849,1.1083905652,10.2693669937,307.0
11:45,21.1206855468,0.961703893023,0.153722574164,337.0
11:46,18.25266262,0.816602467102,6.78939185887,317.0
11:47,19.702964814,1.08635961983,1.49856857551,298.0
11:48,19.3525397697,0.924853390056,2.2665748728,285.0
11:49,15.5802844439,1.25717554765,19.2317630235,296.0
11:50,13.8926368419,1.22001108619,12.7382898618,286.0
11:51,15.5128921799,1.20378592384,2.21794093507,339.0
11:52,19.5073689184,0.885706277809,14.774610039,292.0
11:53,20.6793278293,1.02237822973,14.2833610599,282.0
11:54,16.4053480925,0.89165104551,4.55306791814,298.0
11:55,13.9783794091,1.28606848646,6.1552118305,278.0
11:56,21.931171413,0.922625702454,18.3732604873,350.0
11:57,20.2433380204,1.20855561179,5.02338993829,313.0
11:58,13.3171587781,1.01098692991,3.32332729315,340.0
11:59,12.799261189,1.17878517603,5.2371623002,304.0
12:00,21.5679232122,1.15799773224,18.1404042728,318.0
12:01,18.3554211156,0.93407243643,8.12457905824,327.0
12:02,14.3903761574,1.14079924531,2.49403373419,328.0
12:03,17.9496933199,1.27404195822,19.0846564596,283.0
12:04,18.882839425,0.9065035911,12.6750216438,297.0
12:05,14.669802486,1.00991211232,16.9419048021,307.0
12:06,16.669867258,0.964459841235,16.6144068096,303.0
12:07,16.5516943112,1.19961207988,14.9555052085,286.0
12:08,21.065717336,1.07500423839,8.39675852157,319.0
12:09,12.1362704479,0.859761656671,7.63818887074,334.0
12:10,13.0044963261,1.0096776355,13.1610002299,290.0
12:11,15.4947270413,1.08176643351,14.10435592,344.0
12:12,21.6935872218,1.08202117847,9.52330837293,282.0
12:13,18.8257229341,0.858853725768,2.72378000672,338.0
12:14,20.9648317683,1.17169519288,14.660400055,332.0
12:15,16.1683179972,1.2534097996,9.93481794228,279.0
12:16,15.9679804632,0.837505390312,6.63870655192,300.0
12:17,12.0560337221,1.23334097794,19.2051485627,310.0
12:18,14.6747125941,1.15944188393,9.43000346281,352.0
12:19,17.1474525696,1.07132669875,10.1491152366,339.0
12:20,19.1506063371,1.09097675199,13.8824888094,281.0
12:21,19.9198849711,1.2015177085,13.96628786,294.0
12:22,16.8479238144,1.23705616236,19.9709265037,356.0
12:23,17.5913098175,0.959657328369,5.80229045541,335.0
12:24,13.5530866774,0.843650551518,12.4159256594,310.0
12:25,16.8115651726,0.909914154067,9.47921390618,308.0
12:26,18.3325296755,1.28588552102,7.33008279075,336.0
12:27,18.0657875843,0.843033674432,12.043324657,288.0
12:28,20.8412506602,0.863330690833,17.4979301934,295.0
12:29,14.5853869427,1.29298530012,11.3669277221,326.0
12:30,13.5319724631,1.11732014001,19.3810942242,306.0
12:31,20.166324082,0.872803431722,18.7918539955,326.0
12:32,16.9133488557,1.07945606384,11.2471306199,306.0
12:33,20.3359381874,1.21165946375,17.0435501168,320.0
12:34,19.8787720529,0.859862844902,6.08642226388,310.0
12:35,19.7486398767,1.19557887053,0.0893734786941,287.0
12:36,16.2693193655,0.960176831357,17.1064703751,325.0
12:37,20.5412419844,0.898677116888,16.3754825579,299.0
12:38,16.5019517411,0.94841769433,18.7008377628,347.0
12:39,21.0715927717,1.26886454957,8.2427649377,295.0
12:40,16.5354812728,0.939701864384,7.08628424845,322.0
12:41,13.62998692,1.00553342363,3.27954611588,293.0
12:42,12.4553201745,0.971154285333,0.0592620431286,315.0
12:43,13.0469324383,1.20906787259,18.5043794636,318.0
12:44,14.9549299575,0.879275275292,7.24656194867,309.0
12:45,16.6292904911,1.03534880758,8.5521009175,355.0
12:46,19.9314884042,1.09189139229,12.5318026961,296.0
12:47,18.0242743492,1.23495095574,4.45633093458,306.0
12:48,19.0243887049,0.972242065323,18.9274505338,303.0
12:49,12.3952875149,1.05262903556,6.03282886361,332.0
12:50,16.3990534034,1.19284776703,19.5950364207,354.0
12:51,20.2064515213,1.28468227421,15.0061582524,293.0
12:52,21.3427083438,1.11329601681,1.38088297712,317.0
12:53,14.9990644035,1.06049142561,2.81198028073,337.0
12:54,16.0528098047,1.22675070737,9.941504482,290.0
12:55,18.2560707197,1.2316356401,0.85001737904,329.0
12:56,14.5042693607,0.914415934853,4.50657580226,318.0
12:57,12.581599193,0.96232899195,16.7352656676,298.0
12:58,16.9184048024,1.07997651228,9.67074052186,346.0
12:59,15.9833165445,0.850991292171,12.4491780954,334.0
13:00,13.5214200767,0.870587210857,6.52674812385,302.0
13:01,20.6207039838,1.11340473755,9.45984945139,301.0
13:02,19.290819467,0.970480634327,15.2022320068,314.0
13:03,20.9207354459,1.07588484486,5.18891695731,292.0
13:04,17.0030588136,0.957973746622,10.8767111557,293.0
13:05,13.1072517953,0.975199486305,19.2770775569,317.0
13:06,18.2534161871,1.20945432072,16.6999451399,297.0
13:07,21.3051114737,1.26579871737,0.26613994466,356.0
13:08,18.709321585,1.10237678464,11.2716299621,331.0
13:09,14.7900943411,1.00275186775,4.593717227,336.0
13:10,14.591243965,0.927777033814,0.0926808646421,288.0
13:11,13.6010005295,1.13568315609,0.589609721279,303.0
13:12,15.8915511902,0.909888971104,19.0768657322,301.0
13:13,18.7658308845,0.848283621198,14.3678939204,354.0
13:14,12.0426122072,0.846107177941,12.149917131,281.0
13:15,18.71684984,0.814257724344,0.00411406763593,323.0
13:16,13.9999304913,0.833022986737,12.3985599486,343.0
13:17,14.9841794695,1.14344666724,13.9594960427,329.0
13:18,15.9406774599,1.0527084226,3.05318279309,299.0
13:19,12.1243614514,1.0472195157,11.4331445765,310.0
13:20,11.7982886215,1.21869425646,7.72228180695,312.0
13:21,21.5813447258,0.912019194049,8.49665122307,303.0
13:22,17.4515948524,1.10402900474,15.7122167299,301.0
13:23,21.5189000128,1.28962930641,12.7453417043,325.0
13:24,14.1408579143,0.854199873226,2.8942131343,335.0
13:25,20.3789821443,1.04436882509,7.24519817457,309.0
13:26,17.1412857149,0.859128905929,10.3023649069,329.0
13:27,17.8312715696,1.0393271251,19.1760440601,350.0
13:28,21.1555558917,1.24361146779,19.512496068,310.0
13:29,17.0086797437,1.21049658121,7.53766104221,326.0
13:30,19.2412231746,0.907440099948,8.91059753343,304.0
13:31,19.2070220628,1.019699413,2.33303460041,297.0
13:32,11.7630806935,1.07388039553,1.93910217225,280.0
13:33,17.1840988714,1.10038782892,17.2987588816,352.0
13:34,18.8831755253,1.04952604939,12.671113965,355.0
13:35,14.7945403315,0.924649252491,6.56748807775,317.0
13:36,18.5056524796,0.807971012079,17.9472494608,297.0
13:37,12.4513207237,1.16618560645,1.89620242351,344.0
13:38,20.6716288427,1.07544311215,12.9287105554,327.0
13:39,13.0329564187,1.28530231045,17.6198714827,290.0
13:40,15.7522695454,0.983813171368,10.3693442589,304.0
13:41,17.2982228989,0.822933633287,0.661199847912,289.0
13:42,16.5129559539,0.812882356638,5.36904128789,287.0
13:43,16.0559105407,1.29693833539,13.4226638003,322.0
13:44,18.3396341114,0.924924899093,8.94632869959,297.0
13:45,15.3589819019,1.15207075664,11.6378121304,356.0
13:46,19.1351609382,0.963354046279,12.3718335433,278.0
13:47,13.6212342075,0.907989121701,9.98065416727,333.0
13:48,13.1931370103,0.965272834364,15.3721053549,338.0
13:49,12.9875467764,1.13319477436,2.15706545997,325.0
13:50,20.4836483683,0.825287931444,5.73917210967,317.0
13:51,17.8745930326,1.11221768594,2.73968707979,337.0
13:52,19.5427520166,1.07265142986,15.0326734631,340.0
13:53,18.0892297929,1.17703148835,4.1192800935,355.0
13:54,13.5690523581,0.926785879453,7.69610773754,358.0
13:55,16.8606854457,1.15354469051,1.69528746815,321.0
13:56,16.3232049755,1.18538139518,1.26041040276,327.0
13:57,17.6878041163,0.901448738501,14.42361505,317.0
13:58,15.2241134305,1.0142084365,5.97363238097,286.0
13:59,12.6051697789,0.822423300844,12.8511693318,291.0
14:00,14.9952448471,0.897707479096,12.6858044424,357.0
14:01,15.977338039,1.05142753457,17.9929583919,336.0
14:02,12.4650263091,1.25133597506,13.5563710158,319.0
14:03,12.8130626186,1.26001650992,10.9778453966,297.0
14:04,16.1805212676,1.14222492926,6.43484255069,355.0
14:05,16.3728495722,1.01005484962,19.9265837502,349.0
14:06,16.4645275287,1.08153916891,12.5679082193,340.0
14:07,12.1323861229,0.968492105576,1.92038702071,320.0
14:08,19.0343355997,1.20071034375,18.3391328299,297.0
14:09,13.4763475356,1.11571913303,10.3934780536,335.0
14:10,14.3535559108,1.27389624477,16.6845389878,311.0
14:11,21.1727146266,0.812324754104,3.64081396056,352.0
14:12,15.0415472927,1.05205635139,16.8648554664,345.0
14:13,19.1836130453,1.23936191305,10.9116518655,310.0
14:14,11.9497806576,0.960862014148,3.62586498093,297.0
14:15,12.7093651456,1.04233212439,15.3235012886,304.0
14:16,14.2686441415,0.91672312207,2.36382866433,343.0
14:17,18.6238517481,1.16532993335,3.19503332395,347.0
14:18,14.9190190539,1.10583105739,12.3898759721,287.0
14:19,13.2907136903,1.23284012213,13.4267199333,340.0
14:20,19.7078497933,0.988828674471,0.894299481866,297.0
14:21,14.3249869861,1.26377784914,14.1221545015,307.0
14:22,17.0658666783,0.92177484061,12.360305686,291.0
14:23,14.3526623419,0.978066386237,17.2089321349,334.0
14:24,16.9428537479,1.0894403127,19.1378840591,351.0
14:25,17.4390750161,0.88070008793,16.4373574508,322.0
14:26,17.8510535813,0.831265847331,4.4382969966,329.0
14:27,15.3095937895,0.808883223437,2.83175423452,279.0
14:28,18.3378632967,0.947277535616,2.01559753951,303.0
14:29,15.791871552,1.04805985952,3.83989112506,282.0
14:30,18.2714380418,0.826517360232,18.43642891,286.0
14:31,14.2392361871,0.836991686414,10.0881814125,296.0
14:32,20.2167819069,1.05884370347,0.127833306457,283.0
14:33,17.6888777491,1.0538945739,17.4440432264,301.0
14:34,12.5460828021,1.22114959398,15.1018965931,296.0
14:35,13.330563546,0.867521790206,7.74103113867,285.0
14:36,17.2472698272,1.11833470542,2.93228484339,282.0
14:37,20.9095183345,0.979909592033,0.942451192693,304.0
14:38,19.1272283936,1.0500493164,15.5281308636,316.0
14:39,12.8948305355,1.20801672504,2.95530711703,305.0
14:40,18.4731541511,1.02223015219,15.9264207703,305.0
14:41,17.0517271594,0.910722122031,16.9255035157,328.0
14:42,21.2903647333,0.816635790017,11.6159476062,283.0
14:43,17.9477958134,1.19827042252,14.9967013246,282.0
14:44,14.2241153714,0.811085783605,1.5373986125,297.0
14:45,15.4028068445,1.12094371152,2.90886193986,326.0
14:46,14.0276615851,0.997690065752,1.4324653327,307.0
14:47,17.4713990705,0.956118716569,0.429677084248,330.0
14:48,13.1267215254,1.13367836687,11.9925536541,345.0
14:49,17.5086981345,1.17759252156,8.30191406477,322.0
14:50,15.0508771285,0.832065059706,17.4266778745,280.0
14:51,18.6182866375,1.14593541829,11.4164117896,331.0
14:52,20.7674937839,1.09536666691,2.95047016372,354.0
14:53,19.5505762773,1.28682135508,6.97205162923,350.0
14:54,19.5752107176,1.20713402455,8.22822483583,346.0
14:55,14.6220847547,1.08686865192,2.31220101903,319.0
14:56,20.8317952918,1.06447674931,11.3246354103,280.0
14:57,19.9926511544,1.22951684064,11.9987174308,341.0
14:58,19.5647631675,1.07930369045,3.08904654787,334.0
14:59,20.180484779,0.819581554236,16.465133912,336.0
15:00,15.3867730753,1.07961246386,14.6595112179,300.0
15:01,16.6375441568,1.00723719294,12.6127557391,309.0
15:02,12.9360538404,1.03408713876,7.63436992988,313.0
15:03,14.3837723941,1.26464669743,13.1009505793,309.0
15:04,20.4125899907,0.839860775835,2.31833433312,300.0
15:05,12.8160968629,1.23548904487,5.38748504817,300.0
15:06,15.858166182,0.900019964036,11.7700685965,290.0
15:07,17.44386377,1.18464658272,6.91527607981,356.0
15:08,12.7114163702,0.838582580531,15.8602439842,320.0
15:09,12.0624038937,1.25540840828,2.83678619864,349.0
15:10,11.7904391892,1.2694552638,18.1252629386,302.0
15:11,18.6055748369,0.857959062092,3.75410743451,291.0
15:12,16.50796675,1.07041128358,13.4853068576,314.0
15:13,13.2093295663,1.16875451088,17.024022975,281.0
15:14,16.8474428584,0.836490049507,12.104049098,308.0
15:15,15.0836283228,1.04951901732,12.8061473623,342.0
15:16,19.6791151606,1.24396945598,0.302038897034,355.0
15:17,14.7398821997,0.908867619083,5.09184729426,341.0
15:18,18.0008005113,1.1233464497,13.2512552875,350.0
15:19,15.1922387808,1.11734980495,4.22314428147,319.0
15:20,16.416459437,1.12194941949,3.72175262112,302.0
15:21,12.9932237696,1.11572886205,9.10485010319,300.0
15:22,18.9249204185,0.899100601543,16.6372354752,290.0
15:23,13.4255764982,1.20197922191,4.81144024419,295.0
15:24,16.4873091006,1.06352034806,9.21398660215,355.0
15:25,11.9655608139,0.978535247978,1.48826549559,313.0
15:26,16.647310391,1.06169936548,3.25809202247,282.0
15:27,14.2334376017,1.2891505242,6.21200367331,288.0
15:28,18.0473131502,0.970772161547,12.5867316404,340.0
15:29,12.3416419317,0.988650026361,18.2681660979,332.0
15:30,15.2939854482,1.26013802277,5.18474835941,334.0
15:31,16.4547357056,1.09452251989,6.76273286629,325.0
15:32,14.9676959598,0.998273539796,1.58788146597,291.0
15:33,17.3135520038,1.26840764494,6.20694699816,304.0
15:34,15.1415883241,1.07666514116,8.95098819208,320.0
15:35,12.6587793784,1.16204964197,0.199236703141,278.0
15:36,12.8756635618,1.09386053536,19.5496409126,321.0
15:37,17.2348980955,0.924620752174,15.0679694574,317.0
15:38,17.8986000893,1.07324355476,10.5933163118,356.0
15:39,19.5700330308,0.947854007825,10.5077489862,329.0
15:40,18.7908872904,0.958695153945,14.8897434545,305.0
15:41,15.9758562801,0.84317799586,10.6830226476,295.0
15:42,13.6339091057,1.25514984295,4.60247796359,312.0
15:43,13.5356874128,1.08559000509,8.57545556808,318.0
15:44,14.1314411883,1.02816279031,2.64727387354,292.0
15:45,12.0261916204,1.00225818128,9.32744473894,295.0
15:46,14.213599715,1.05215481338,13.0156578273,306.0
15:47,12.6073818808,0.901253736924,1.18164235581,293.0
15:48,16.5075743797,1.26199484316,1.12476508025,317.0
15:49,16.3093700396,1.08009874107,7.24082544862,278.0
15:50,17.0331370046,0.983062979459,5.11129213464,290.0
15:51,14.5905284283,0.972353452009,3.51935230879,305.0
15:52,18.1804750369,1.22523654197,4.73751715812,334.0
15:53,15.8170994041,1.10097639049,1.25830605666,335.0
15:54,18.4623180933,1.02777662362,9.53034166695,290.0
15:55,13.1869636434,1.20054355675,5.29620463979,299.0
15:56,19.0497798661,1.21184591563,16.6634183196,325.0
15:57,21.1392816074,0.802954901282,12.2974157345,335.0
15:58,14.5141253943,1.19266295449,14.1758426815,352.0
15:59,20.7528045305,1.15070241955,15.6650174453,336.0
16:00,16.3975613493,1.01432873107,16.7434594951,319.0
16:01,12.4785217567,0.861055240436,9.12856663316,332.0
16:02,19.6885222235,0.981448165026,18.7979154525,301.0
16:03,19.3505022503,1.21399862146,2.30161527721,345.0
16:04,15.1650007467,0.967295567306,10.8372379324,343.0
16:05,16.3773016135,1.2871981249,2.84895320883,279.0
16:06,16.1278267364,0.93712907384,2.04771221794,328.0
16:07,15.7891861372,0.811448087547,13.2565993435,308.0
16:08,19.7517997893,1.05985722357,9.26672910536,288.0
16:09,19.7212164644,1.04118598565,6.44931365007,304.0
16:10,12.3331505565,1.24487097705,2.07301284617,328.0
16:11,13.1057650089,1.03809808956,6.21044251316,329.0
16:12,20.2555247576,1.03143183337,16.1956416495,302.0
16:13,20.9034799595,1.09045943201,10.1144951614,319.0
16:14,13.4120432304,1.18203566687,5.29802412168,294.0
16:15,16.6564511113,0.98363097226,13.0266716104,333.0
16:16,12.8357036447,1.2722123003,5.37085939457,357.0
16:17,14.9989615596,1.05361208496,11.4196443636,309.0
16:18,15.067285312,1.11674119027,7.43502648768,311.0
16:19,20.4457168676,1.14402644075,11.5942936602,294.0
16:20,16.0158397322,0.909629870117,1.10040784142,290.0
16:21,19.565152654,1.09142141487,10.6749038213,316.0
16:22,19.3207563181,0.875692275289,9.04307503581,338.0
16:23,20.8669013607,0.852802626375,6.27730781443,322.0
16:24,11.1668575174,1.2377346423,13.0314495039,357.0
16:25,18.8851317794,1.11202485865,3.06291322023,280.0
16:26,13.6687468366,1.29281802836,5.4354510281,301.0
16:27,16.5301758797,1.10922131621,13.5983885532,308.0
16:28,13.3203527524,1.25737628821,3.30427396881,309.0
16:29,14.7531842488,1.2552078356,1.51625584159,308.0
16:30,20.9328280639,0.82930654857,18.5473704939,331.0
16:31,11.6600682723,0.956028894916,13.3657421466,309.0
16:32,16.1325413969,1.01975198917,0.466963498195,279.0
16:33,12.3280242986,1.01151097032,19.2293440581,347.0
16:34,15.6075706853,0.888907453477,3.75658034867,319.0
16:35,17.3262390495,0.803730103765,7.17519289291,343.0
16:36,15.188762624,0.916848058327,9.08804039487,340.0
16:37,14.9569089904,0.813618516458,2.02004941064,296.0
16:38,15.8762669801,0.888666406101,7.89526141416,313.0
16:39,15.9619514512,0.939356149322,14.5904691309,329.0
16:40,14.2943681359,0.928342731995,18.9258135907,310.0
16:41,20.0881615539,0.988614125978,17.285392532,327.0
16:42,13.5084198987,1.08561733716,19.0341715432,356.0
16:43,18.4404169154,1.01143332731,7.64970936869,300.0
16:44,17.0332581475,0.910080709704,11.2033280387,303.0
16:45,14.5723333376,0.831077619023,13.5714046805,337.0
16:46,19.211002354,1.17788912093,9.76120458152,351.0
16:47,11.9746689383,1.0580493634,10.3347025608,323.0
16:48,15.4218485372,1.26688058503,19.3902987487,309.0
16:49,15.1992730279,1.00316123947,19.4651144826,281.0
16:50,13.5665544885,1.07559519809,18.7616631532,328.0
16:51,14.720458683,0.964812886114,3.06467834325,313.0
16:52,14.3102820469,0.884667112475,8.06346442395,313.0
16:53,18.3789026292,1.05626473405,6.40710680486,319.0
16:54,18.7077772648,1.23611867964,17.3871569812,325.0
16:55,17.0467747601,1.13631140122,15.4968943063,301.0
16:56,11.7799539821,0.978049768369,15.3446426449,325.0
16:57,16.3701266891,1.21002987627,15.694046348,283.0
16:58,17.1091491286,1.25857078924,9.73959405849,305.0
16:59,11.7763570071,0.906192895845,13.3154411869,332.0
17:00,14.8182373389,1.12709949721,17.4554867911,347.0
17:01,19.4773205759,0.850721489361,1.15135627046,353.0
17:02,19.7617927604,1.23186959232,4.33237569969,305.0
17:03,17.0477153683,1.24496623044,19.6224250209,320.0
17:04,13.4477100091,0.978082728996,5.71686411522,332.0
17:05,11.6966883948,1.07831607047,13.0000171723,349.0
17:06,16.1503038854,0.867762652454,13.111711612,279.0
17:07,19.1248573364,0.879913769216,6.46967509704,292.0
17:08,20.6381445949,1.21655285921,6.36139254393,321.0
17:09,20.0991418646,1.18768443562,12.8935012174,304.0
17:10,20.4793282802,1.25058889106,1.5213069006,343.0
17:11,17.2460858757,0.849706771841,7.59708257016,302.0
17:12,15.5833580857,0.944242064995,18.0058742978,324.0
17:13,20.3955381806,0.988922848443,8.31804861468,327.0
17:14,20.5349102515,0.970719062709,17.3493329234,329.0
17:15,20.1975702004,1.28724595496,10.3872472471,342.0
17:16,11.971593272,1.11593778565,13.8441678305,279.0
17:17,14.4064270226,1.00224258648,11.167000035,304.0
17:18,11.2841603493,0.917507278425,19.188486895,342.0
17:19,11.1381341499,0.960803296223,11.3905597244,290.0
17:20,19.1445544215,1.13898309367,9.79585560208,339.0
17:21,21.0082087257,1.28431679681,15.0546992462,298.0
17:22,13.6262800168,0.870487474938,0.629490382234,331.0
17:23,16.7554638965,0.852088040922,11.6749895856,282.0
17:24,15.4796322471,1.06912037981,5.07215803916,328.0
17:25,13.1628840066,0.99091855979,17.8403546072,358.0
17:26,20.0011528393,1.1715203829,16.7321396011,325.0
17:27,13.478774081,0.989887283887,2.7398692076,320.0
17:28,15.0612230046,0.961258686521,8.3258586631,307.0
17:29,20.0915095404,0.999361552234,17.3725275463,353.0
17:30,11.5800786664,1.19342116791,9.64923943515,280.0
17:31,18.0566346049,0.962996198281,3.97736164516,334.0
17:32,19.7259099691,0.93973080107,3.12315571388,328.0
17:33,15.4073696839,1.25207651024,10.8196048307,295.0
17:34,12.0777827352,1.03440630316,7.98605663368,346.0
17:35,16.6530609038,0.922526936347,11.4215685956,320.0
17:36,17.7653979585,1.05421020135,4.08892994426,283.0
17:37,13.7200300274,1.08317136273,2.9472830438,306.0
17:38,20.6687850815,1.0275785914,4.80582383989,352.0
17:39,12.3274798835,1.1986865733,3.25178808669,320.0
17:40,19.6096061778,1.26653266459,10.5824059646,325.0
17:41,14.1597396672,1.17437045531,2.48206492121,328.0
17:42,20.6379360742,0.893452081398,10.6062872163,294.0
17:43,15.7012754333,1.01745225609,19.7007368971,330.0
17:44,13.2062980876,1.18144042132,19.2839277272,280.0
17:45,17.9026520127,0.944874455672,11.3270611862,310.0
17:46,14.2411884022,0.934115464209,9.91604783653,326.0
17:47,18.0529430227,1.11605455587,18.027140432,322.0
17:48,16.0617444492,0.884876459767,8.5464197568,344.0
17:49,20.227168495,1.26030580044,8.48368990245,294.0
17:50,15.7493337091,0.894598699918,14.4579076052,345.0
17:51,20.8928687189,0.952098413486,7.07421769388,318.0
17:52,16.4846377827,1.28408738119,18.3211852129,335.0
17:53,20.4848610372,1.0724186988,18.5183902056,302.0
17:54,14.038469079,0.837910662665,19.0659365467,314.0
17:55,17.6887644147,1.254752424,7.71966815747,350.0
17:56,14.4464040175,0.900314270256,16.2070541786,353.0
17:57,18.8542829831,1.08020556053,18.465088497,328.0
17:58,13.9659511302,1.14871933926,18.8294582493,312.0
17:59,14.6892684208,0.969493659367,6.63454014717,307.0
18:00,12.2458620451,1.13886560634,8.79147447517,355.0
18:01,20.593878472,1.06672058388,10.4937864319,302.0
18:02,12.3379669109,0.920397587991,6.54880089863,328.0
18:03,17.8646353464,1.18155535461,15.4763716952,338.0
18:04,16.1949717341,1.24065776875,2.38770297105,349.0
18:05,16.6875499736,0.892146381859,7.62536103572,318.0
18:06,17.0632111999,0.950587277578,1.14794262589,306.0
18:07,11.8282737532,1.08139995883,15.3921264158,294.0
18:08,19.9553953263,1.00300907416,12.3520596588,357.0
18:09,12.8388115399,1.0516982016,3.75206822607,316.0
18:10,15.7874289799,0.907602491739,14.3773114384,297.0
18:11,15.8646750715,1.20776188195,8.17723101513,352.0
18:12,20.5686192013,1.16568217293,11.7461101377,326.0
18:13,17.4896123579,0.920861888207,11.2066705197,325.0
18:14,14.7814873211,1.23347578489,18.9441628803,279.0
18:15,15.1774155093,1.04148437074,7.88622279187,293.0
18:16,14.020870786,0.801383211864,15.6984559638,339.0
18:17,15.8962915435,1.05185711399,5.23650082666,284.0
18:18,12.7999048962,1.04774027973,8.29621913737,279.0
18:19,19.70604531,1.16836674188,12.64978765,322.0
18:20,12.6977066404,1.1399764321,5.72072701549,307.0
18:21,15.0229481228,1.20838058505,8.94110375801,279.0
18:22,18.6912801347,1.10511050114,17.0210351436,354.0
18:23,16.3719854999,1.22305925143,17.6875022463,333.0
18:24,16.9526523018,1.02184297884,1.86579657204,324.0
18:25,14.9706954849,1.17826888297,19.1800275218,341.0
18:26,11.3743935965,0.989535926565,2.61710566695,346.0
18:27,15.5177234774,1.08688245589,2.05603139901,309.0
18:28,11.4341821565,1.2334432397,11.8353078135,347.0
18:29,19.6248379472,0.857242820623,7.81319786178,342.0
18:30,14.4434840088,1.20503868479,7.85825355469,352.0
18:31,15.7953606237,0.948958459611,1.92717377838,356.0
18:32,16.016254674,1.14355941164,13.447507576,285.0
18:33,13.1658683588,1.02875416334,5.95760590674,349.0
18:34,16.308355741,0.92254512847,12.9225496795,282.0
18:35,21.0089826457,0.821310393369,17.4842186907,298.0
18:36,11.321509258,1.0358140331,17.1546607253,279.0
18:37,11.8642205027,0.932383654943,7.25783734313,282.0
18:38,11.4061218674,1.13538311009,11.4992221107,287.0
18:39,19.3362680639,1.25294449004,8.17259579119,345.0
18:40,18.1643399284,1.12288952032,7.37373597569,322.0
18:41,16.7904860283,0.831572077482,11.6710249101,294.0
18:42,17.8138096276,0.94757365134,10.878753882,358.0
18:43,17.4629939654,0.91059339512,11.0519773929,348.0
18:44,17.6317121224,1.08745719704,19.7289398881,324.0
18:45,15.4652631122,1.10935100342,19.6081070731,340.0
18:46,19.3472873663,1.02270329744,3.0195660955,343.0
18:47,14.6350858872,0.839701598756,6.6348755448,344.0
18:48,14.7093696403,1.11468969521,7.29855867733,335.0
18:49,19.7695310135,1.24965794352,7.49376584534,342.0
18:50,17.519134498,0.824681136107,6.75612222582,346.0
18:51,13.3617935903,0.975130982913,17.851626564,327.0
18:52,15.8178835611,0.933350819638,12.6182848094,344.0
18:53,19.4957922704,1.09347524691,5.9409442813,280.0
18:54,18.1706350188,1.1885475536,14.6274712489,347.0
18:55,15.03102324,1.20156773761,17.4274286388,289.0
18:56,19.5063429725,0.941731238619,3.071276319,343.0
18:57,12.0889625116,1.13127732169,11.3687535525,350.0
18:58,19.0916334727,1.11247349963,5.55890565754,283.0
18:59,15.7502673651,1.1185515079,12.862848597,323.0
19:00,13.6139017879,0.947379295051,15.3557370162,352.0
19:01,12.5085850674,0.873222645744,5.25320197161,352.0
19:02,14.3637212536,1.27842682883,2.94199377584,310.0
19:03,13.5356446137,1.0744346182,10.4664687954,303.0
19:04,18.5317854103,0.941930380817,4.63514780858,351.0
19:05,14.9951554526,1.18045623022,6.73522274361,333.0
19:06,13.9075390502,1.21277815797,6.79842284997,342.0
19:07,16.3549849673,0.912490314833,17.3060479691,351.0
19:08,11.4111348121,0.960590999236,7.28781931882,288.0
19:09,14.5022960835,1.27174697638,18.7775103582,286.0
19:10,13.8349903937,1.27484942771,16.1367894692,333.0
19:11,14.2907244055,0.855777641969,9.81916004003,285.0
19:12,20.5236295689,1.04870223818,8.26149751921,324.0
19:13,16.0356632214,1.27955099849,11.6575225438,292.0
19:14,14.2030557791,1.23961031471,14.5766632947,322.0
19:15,12.7957282704,0.917264307371,5.05126653273,342.0
19:16,19.2013892673,0.942642054816,4.95119947868,351.0
19:17,12.2087578492,0.963654935684,7.16925604149,305.0
19:18,11.1437468993,0.844545698589,8.69819857277,342.0
19:19,14.9920637207,1.05582683575,9.90255292656,325.0
19:20,15.9985238361,1.28622036201,7.31302367119,303.0
19:21,16.8465796326,1.12100358916,11.8665653298,290.0
19:22,18.6718231688,0.843164001894,2.37064141092,343.0
19:23,16.670091204,1.29009875496,8.25618148036,350.0
19:24,11.3995693653,1.24740496825,1.14662586973,334.0
19:25,19.2671322416,1.26553718333,7.84984449242,284.0
19:26,13.6846051893,1.04762730912,12.583332149,336.0
19:27,14.0127868279,1.17129468497,15.6482321853,334.0
19:28,16.9376407453,1.18527885058,17.3034823802,355.0
19:29,19.9311951651,1.14884233695,12.9821398976,279.0
19:30,17.9221819197,0.906419701767,1.479244684,345.0
19:31,14.9231107098,0.906305943025,4.06856335697,279.0
19:32,15.9917171546,1.05625244323,11.0725225965,280.0
19:33,13.0642493097,1.0212050762,7.64120574345,323.0
19:34,18.4714077607,1.0820791497,18.433091604,319.0
19:35,18.622214542,1.17916281262,18.3225022787,348.0
19:36,16.7439395903,0.823886849927,6.01225578974,308.0
19:37,17.8900112512,1.10448230233,2.40112770935,286.0
19:38,11.2178566855,1.26076248247,6.54465103273,336.0
19:39,14.6709191976,0.868331561751,2.84829029331,285.0
19:40,12.4142009,0.945928670002,14.0382431394,340.0
19:41,18.6467771967,1.21389857261,1.54828285788,353.0
19:42,12.7269814787,0.972209904783,2.39566591687,308.0
19:43,16.7902717884,1.04924466323,1.54963908549,300.0
19:44,20.493777601,1.24047557942,0.9595845305,320.0
19:45,11.219184952,1.03144715892,12.9990036683,358.0
19:46,17.3041648682,1.20959671435,2.90772932157,289.0
19:47,17.4233551286,1.04085388355,13.6832119008,307.0
19:48,11.2484236239,1.10398814069,2.41576493663,293.0
19:49,15.9609203234,1.1228929875,19.376225901,318.0
19:50,13.9180965875,1.02063072287,19.7526655942,325.0
19:51,18.5337938039,1.28174267627,5.21966569867,317.0
19:52,18.7812203626,1.29396580968,0.80478969078,358.0
19:53,13.0766578953,0.965551797525,7.51742990116,341.0
19:54,16.1689111334,1.2149541759,2.8875262979,316.0
19:55,17.7393302522,0.958495207625,2.67860961535,325.0
19:56,17.2218241318,1.20191797329,18.2578037835,325.0
19:57,12.5811071884,0.879469739577,6.12011153656,282.0
19:58,12.3676688348,0.920918349201,18.8311072564,313.0
19:59,17.6482598971,0.979424064939,0.219495411956,337.0
20:00,13.3413927223,1.10354565352,4.10231117902,339.0
20:01,14.2308455097,0.979748229939,0.433722052377,301.0
20:02,17.9180504908,1.07135640958,7.54229538797,324.0
20:03,19.8352582138,1.23315467174,14.1393471411,282.0
20:04,13.1901440779,1.24444262142,17.3645155095,355.0
20:05,15.0485583838,0.930330699068,7.72910093841,292.0
20:06,16.4883237944,0.883969006968,0.0306930161051,345.0
20:07,12.8991115887,0.866263178075,4.60474124944,350.0
20:08,20.7692575071,0.883401624297,12.0935719809,323.0
20:09,18.9736197381,1.0574008316,12.3374011115,345.0
20:10,20.5363974633,1.17465586993,6.26100749223,298.0
20:11,20.6821220987,1.1462374819,5.52596642055,357.0
20:12,13.3222987744,0.96814826922,11.2940896488,310.0
20:13,20.9122328894,1.03892576987,9.28362826986,300.0
20:14,19.456011687,1.14025513262,17.333330573,312.0
20:15,11.2663054028,1.27840260092,9.94228441057,348.0
20:16,12.9274399453,1.02873492815,0.89037012065,309.0
20:17,18.7696131417,1.1310390961,19.5174461323,332.0
20:18,18.8528619876,0.895215645602,17.1269132053,321.0
20:19,19.7904641372,0.944356335171,11.0324066871,317.0
20:20,19.7865733777,0.908679894334,13.9657988504,311.0
20:21,12.841007208,0.868980678128,12.7418759835,326.0
20:22,14.3502033758,0.942757381473,11.7218636844,283.0
20:23,14.40337051,1.24978988119,9.10420866216,285.0
20:24,20.8777580747,0.899940380106,5.41749974046,312.0
20:25,16.3865795041,1.1308361626,8.63947813792,293.0
20:26,15.3498222527,0.802906166098,1.10331550719,355.0
20:27,11.4422165653,1.14243511819,9.64789201696,356.0
20:28,12.212634545,0.97985872415,13.9481323214,337.0
20:29,19.2616456672,1.12247260976,12.1664737267,279.0
20:30,18.8158480084,1.18396469609,16.5885181884,339.0
20:31,11.2125272022,0.805043069106,15.1190304652,287.0
20:32,16.9440646364,1.00904403814,0.137812815424,298.0
20:33,12.2233982635,1.24592701847,3.76811466321,352.0
20:34,13.9281147515,1.06437496638,6.10151387308,280.0
20:35,13.7872924838,1.2101904939,14.9609441073,323.0
20:36,20.5717289849,1.15798488472,13.1522328933,315.0
20:37,13.0807808927,1.24690221006,0.930968359699,311.0
20:38,16.2525972299,1.2570809593,11.0594500561,305.0
20:39,18.4985043115,0.911860159876,12.674575026,306.0
20:40,15.4202949569,0.935931787559,8.71166665717,327.0
20:41,20.1665537253,0.968800332411,9.71438057669,303.0
20:42,16.7077611946,0.928524153917,7.77477024423,342.0
20:43,13.5150696578,1.06143671213,11.4938508883,353.0
20:44,18.177805881,1.16648673744,18.9199078616,319.0
20:45,19.5813916339,1.01844147574,1.62894094993,333.0
20:46,12.4121923274,0.829497546107,7.25089531939,302.0
20:47,15.0896667415,1.17565128545,14.2368113951,286.0
20:48,17.515022267,0.901649588233,15.5357599236,310.0
20:49,13.1703815339,1.27411415988,1.80181493483,334.0
20:50,13.9837267262,0.812218600016,11.0447467346,283.0
20:51,17.0736553449,1.01131895308,6.5193649405,299.0
20:52,14.6196803388,0.956190075038,7.85038727121,294.0
20:53,18.3018333226,0.954975407746,18.9338402627,339.0
20:54,12.4678492175,0.894726307615,14.7492656982,321.0
20:55,16.8039130187,1.06193742452,10.0885628022,350.0
20:56,13.2217685631,0.802479742832,18.2528228146,353.0
20:57,13.7804065818,0.988679929301,18.0830182575,358.0
20:58,20.4722889255,1.01336242447,2.77528372239,297.0
20:59,18.4796378189,0.849370756924,3.11329652429,303.0
21:00,15.1719607533,1.18085122255,18.0294016978,352.0
21:01,17.5917180021,0.960725663899,7.48714070106,343.0
21:02,18.172677685,1.22725922671,12.7440783025,344.0
21:03,18.5039074217,1.10172126047,1.13787674813,279.0
21:04,16.4236403424,0.990490416521,4.69725863771,346.0
21:05,19.0394325463,1.05644982133,12.2286308563,319.0
21:06,12.1044852826,1.24044703762,3.56991246648,283.0
21:07,19.9511678371,0.801475714112,1.2319744284,302.0
21:08,15.3826349198,0.978951971962,17.9548028994,317.0
21:09,18.9738206364,1.26028335287,9.87479902558,301.0
21:10,12.6408128618,1.03291880235,16.7910119506,340.0
21:11,16.4263773739,1.13660763264,10.5223938737,301.0
21:12,14.4209548835,1.2833705186,4.76859194954,309.0
21:13,12.5117322481,1.17643723751,18.1550792086,320.0
21:14,11.4095928215,0.831586200403,18.2706205309,293.0
21:15,14.803536503,1.06562181415,4.03076998357,341.0
21:16,20.8803522439,1.08090222648,17.1985606395,328.0
21:17,21.2667643437,1.1533332618,6.42441986586,337.0
21:18,18.7061510432,1.04008013718,16.105630794,356.0
21:19,15.6278253965,1.03455862331,4.87044963169,325.0
21:20,13.0897771834,0.924581263839,1.56247844343,294.0
21:21,12.1780763383,0.982519654652,9.08922472397,320.0
21:22,11.9767791064,1.28787392419,5.53046310028,285.0
21:23,11.4681949692,1.23261284918,15.1587080553,278.0
21:24,14.8235978848,1.15548186214,6.96024040259,286.0
21:25,11.471212114,0.957810162471,3.58226882919,280.0
21:26,11.4489535124,1.1797558246,13.7534521166,329.0
21:27,19.0660175184,1.09200584369,11.2478113831,331.0
21:28,15.7786342679,0.89949179567,0.0970769528399,314.0
21:29,19.3343231438,0.960212018454,7.01418069855,292.0
21:30,18.8992307445,1.03029546778,0.292287230519,304.0
21:31,20.3820523012,0.883203896525,9.40902236598,332.0
21:32,20.9019001266,1.04576963851,17.0665224964,353.0
21:33,18.3147872484,1.17246457337,5.74941089191,302.0
21:34,18.996945925,1.18932941129,8.40950147606,358.0
21:35,14.9772828673,0.999021089565,11.5124543897,303.0
21:36,15.2353259656,1.17481443566,17.8532772109,319.0
21:37,16.0852885973,0.834414931489,5.10245669121,326.0
21:38,14.1319878536,0.800221472674,10.7865159087,315.0
21:39,20.9947968203,1.29485065436,10.0111250291,347.0
21:40,21.0633527772,0.982332418642,15.2922700202,344.0
21:41,18.4302983914,1.21119758306,11.0473197181,357.0
21:42,20.1237140578,1.04517572437,16.6436000435,314.0
21:43,16.4274862047,1.17711526928,2.67796404846,339.0
21:44,13.1950773613,1.02875155477,7.86101611742,293.0
21:45,19.516502881,0.802056078227,3.20219296299,337.0
21:46,15.5775454482,1.12936140559,13.6526121344,302.0
21:47,17.8927221211,1.27313064505,9.46079580572,288.0
21:48,20.7838490993,1.23969942112,17.2916523673,329.0
21:49,17.3794993084,1.23459358043,9.60663562163,341.0
21:50,19.1562196289,1.10757729396,13.5508314028,307.0
21:51,17.9075797035,1.2927603985,8.07072114906,315.0
21:52,12.7732621724,1.01593928324,1.02627710173,334.0
21:53,14.8097688919,1.06766599208,3.66166646526,341.0
21:54,18.0569737116,1.2559435065,5.44072887532,294.0
21:55,16.0726692919,0.814315788378,3.76818301219,284.0
21:56,20.7671622662,0.926846140047,3.10584385544,358.0
21:57,11.9183021555,0.938767492911,10.4616891273,332.0
21:58,15.1776185407,0.821639479811,18.4922059862,293.0
21:59,16.5263900278,1.00549230171,4.51902838025,348.0
22:00,12.0293787153,1.03008799292,3.10636518893,299.0
22:01,16.3297298811,1.08706370088,4.73088970895,290.0
22:02,18.813710415,1.19933992432,6.56602973498,327.0
22:03,17.1740328333,1.24908527368,8.75568799706,349.0
22:04,21.3473070861,1.15024492893,16.8549878348,301.0
22:05,12.4297737898,0.854663158038,9.09400699531,321.0
22:06,17.3823134334,1.0831601819,17.7596580637,311.0
22:07,14.1268703957,1.1879315544,1.18919225792,334.0
22:08,14.144262965,1.21295333393,1.28288466641,332.0
22:09,21.4694801165,1.02081950372,4.23901308074,338.0
22:10,12.9812579263,1.27541779253,15.1825121629,296.0
22:11,14.8251147824,0.807046379517,16.9581275217,300.0
22:12,13.8851064658,1.24183570873,15.8980645843,298.0
22:13,14.9064608217,1.20114318854,11.9375336762,330.0
22:14,19.4542751457,0.826649131501,7.71453860699,299.0
22:15,13.1869030169,0.908931270304,7.25890983162,330.0
22:16,17.2698943287,1.23859961895,14.983295391,286.0
22:17,12.3066180601,1.17955154601,7.14870988237,280.0
22:18,11.6624711206,0.800423659185,10.981833682,315.0
22:19,11.9585646634,0.955213215144,16.1196208156,291.0
22:20,19.990343435,0.80251515669,3.03542905358,339.0
22:21,16.4125092333,1.06720352416,18.8780014222,305.0
22:22,19.9691538673,1.13183547645,13.4615618445,304.0
22:23,12.1802742519,1.03469877652,9.96506161785,326.0
22:24,12.6759016887,1.07166736695,0.79384738234,296.0
22:25,20.6721748925,0.985700267048,15.7372664156,307.0
22:26,18.3370283856,1.20472454477,4.12680474667,293.0
22:27,13.7914821448,0.984591256686,13.822164284,321.0
22:28,13.1645543082,0.943893951812,11.9506262958,309.0
22:29,14.6537334043,1.08244303403,18.850303583,355.0
22:30,16.7071276556,0.963550245173,3.44022087956,343.0
22:31,13.0322690152,1.07753571591,1.72313129778,337.0
22:32,19.7000609559,1.2330272693,1.2988254579,283.0
22:33,12.6925365107,1.18093851391,15.4632826569,343.0
22:34,12.6973937469,1.26564199928,16.9528536333,282.0
22:35,18.3809823668,1.29164800344,14.538199753,314.0
22:36,18.1407851318,1.28160341585,2.68578215753,303.0
22:37,16.3109100839,1.12760219171,12.398960675,355.0
22:38,17.698908333,0.880536412985,10.8603540293,315.0
22:39,15.971849386,1.03782269159,18.5010337563,310.0
22:40,17.0374101257,1.13593392056,18.6511661945,344.0
22:41,20.4935618668,1.11325130096,13.779828016,331.0
22:42,16.1859716354,1.17415806255,8.35468238849,300.0
22:43,12.4137525252,1.07870463494,9.99054229838,356.0
22:44,18.6775303124,0.976664017379,14.6310422991,315.0
22:45,13.2278228739,0.898493337075,18.3112294244,315.0
22:46,17.1398033293,1.08882142516,5.27969594407,351.0
22:47,11.9241709028,0.80888419292,10.6491490951,351.0
22:48,13.1166990292,1.11378650132,19.1599434541,331.0
22:49,17.0319556181,1.17873058127,4.58458314453,329.0
22:50,12.5510830975,0.914869607073,18.3666683246,293.0
22:51,18.1033198217,0.901273041322,3.22121450639,355.0
22:52,13.5726835777,1.2590398195,18.4804852586,319.0
22:53,12.8529323462,1.27606042474,11.2942715209,347.0
22:54,19.425431128,0.857612918277,8.7300982625,306.0
22:55,19.6006847718,1.22323094939,18.1204332123,299.0
22:56,18.2469732336,1.00781094391,9.66057486055,337.0
22:57,12.3341913366,0.9588677593,7.3005980731,288.0
22:58,13.6413527699,1.24324736196,15.1213992768,282.0
22:59,12.0745718002,1.2487061525,15.7091111511,290.0
23:00,19.6091133029,0.874137780825,12.0832195448,319.0
23:01,17.1294035863,0.954528686355,12.3463069798,284.0
23:02,20.8166711492,1.19184474613,5.8468044858,279.0
23:03,18.1704269345,0.988525327317,0.117095808139,330.0
23:04,13.3614727544,0.955310950753,5.58807853628,355.0
23:05,20.5933792086,1.21636579819,3.05478514666,320.0
23:06,21.4020538967,1.12202242127,16.5558108547,292.0
23:07,12.8825291977,1.04203457149,15.3895900953,353.0
23:08,15.7755132034,1.28071565078,15.3174391011,340.0
23:09,16.0614323992,0.993534537283,11.6617851637,284.0
23:10,17.7220496442,0.930853944651,14.5304051211,331.0
23:11,21.5700152923,0.974744534604,9.6705340266,299.0
23:12,16.2336414276,0.959204307235,3.21372991794,326.0
23:13,21.2010292908,1.09213881164,16.678059764,318.0
23:14,19.547132728,0.939397446653,16.8963797024,356.0
23:15,13.936166512,0.947299975098,2.73905491488,353.0
23:16,21.2581365692,0.998230383064,5.81815868452,350.0
23:17,16.5828940296,1.03417238826,1.87341629374,335.0
23:18,12.9333332858,0.948504570338,0.627976107872,318.0
23:19,12.0643944104,1.14214643978,4.68082465157,332.0
23:20,21.2024612477,1.02960051625,1.39565091329,279.0
23:21,15.648502121,1.09889915226,15.2901092242,344.0
23:22,17.7147712731,1.05210313286,3.99284214093,298.0
23:23,16.3318978874,0.885662387183,15.3322704064,331.0
23:24,20.3574425066,1.27128684873,7.89478921445,312.0
23:25,16.8475192187,0.926813055462,12.1166968851,280.0
23:26,18.4938682339,0.939271652547,0.971389822193,350.0
23:27,14.4252770345,0.909304500134,13.9493739043,287.0
23:28,21.1914471092,0.891349251276,17.0356852077,345.0
23:29,21.0786324747,0.945666105498,5.1998145281,355.0
23:30,11.9066358579,1.27677825476,12.9911527742,341.0
23:31,16.1812311105,0.988516334424,4.93627509473,336.0
23:32,18.6554469807,1.11977623217,3.10808086687,315.0
23:33,13.9405678522,1.24402063535,12.8625666874,289.0
23:34,12.2018034161,0.812371456229,13.712718005,334.0
23:35,12.9686347365,1.2035511735,10.0226769124,334.0
23:36,16.2173828989,0.872690181075,6.06658739291,350.0
23:37,21.4431462671,1.28599065021,15.8646680082,352.0
23:38,15.4335483233,1.23609059609,4.86401984248,344.0
23:39,19.099234924,1.00579111743,1.94383363775,338.0
23:40,16.4759172182,0.816278698674,4.30553803768,347.0
23:41,13.3826723427,1.16087703522,3.11082951998,336.0
23:42,21.7269293707,1.0725984457,6.01355837582,335.0
23:43,21.8372677804,0.924387345872,4.48954273357,339.0
23:44,12.150978021,0.987834062618,10.0434167313,326.0
23:45,19.3334746429,1.1311969242,16.9596123636,293.0
23:46,18.6637937641,1.06558910348,12.5221068815,348.0
23:47,19.1315902948,1.25765205642,15.5559458609,340.0
23:48,15.2011976408,1.13987293547,18.1800355018,309.0
23:49,18.8144796284,0.96460261737,10.7703669499,304.0
23:50,13.3084632112,1.11190682292,4.73895389271,339.0
23:51,19.2483650396,1.01073931484,18.9863350138,358.0
23:52,13.6494569735,0.995714572816,17.0685371072,288.0
23:53,14.3522725735,1.09361409069,6.17416004333,347.0
23:54,13.0900689886,0.854839491021,10.1597920418,311.0
23:55,13.7826474663,1.03141980202,6.87372346747,285.0
23:56,12.7069500704,1.27618057336,15.1631466642,287.0
23:57,14.7726150789,1.09590339056,14.0085753483,327.0
23:58,16.6988946622,1.18253777485,8.66915044327,287.0
23:59,16.9906300493,1.01043429314,16.0703682237,299.0
